bboy_name,move_name,frame,p0x,p0y,p0z,p0v,p9x,p9y,p9z,p9v,p10x,p10y,p10z,p10v,p12x,p12y,p12z,p12v,p14x,p14y,p14z,p14v,p16x,p16y,p16z,p16v,p11x,p11y,p11z,p11v,p13x,p13y,p13z,p13v,p15x,p15y,p15z,p15v,p24x,p24y,p24z,p24v,p26x,p26y,p26z,p26v,p28x,p28y,p28z,p28v,p23x,p23y,p23z,p23v,p25x,p25y,p25z,p25v,p27x,p27y,p27z,p27v
bboy1,handhop,0,0.43002021312713623,0.6437353491783142,-0.05413416028022766,0.9999912977218628,0.4319612979888916,0.6360082626342773,-0.017597703263163567,0.9999630451202393,0.4407248795032501,0.6386083960533142,-0.04857739806175232,0.9999616146087646,0.5476138591766357,0.6309588551521301,-0.1194104477763176,0.9999455213546753,0.566394031047821,0.6935899257659912,-0.1334027200937271,0.9974289536476135,0.5657714605331421,0.7584200501441956,-0.04148312285542488,0.9944878220558167,0.42720839381217957,0.583018958568573,0.1904674619436264,0.9999339580535889,0.3366242051124573,0.5284371376037598,0.24720603227615356,0.9821606874465942,0.22210261225700378,0.5264865159988403,0.13139879703521729,0.9803081750869751,0.6380096077919006,0.46970731019973755,-0.13714870810508728,0.9999240636825562,0.5222837924957275,0.38284796476364136,-0.19206182658672333,0.9869124889373779,0.651441752910614,0.37915855646133423,0.20539158582687378,0.8767974376678467,0.5691419839859009,0.46919575333595276,0.13671627640724182,0.9999089241027832,0.5020069479942322,0.39521539211273193,0.2182779461145401,0.7833827137947083,0.6216318011283875,0.39371782541275024,0.47292596101760864,0.5629123449325562
bboy1,handhop,1,0.43014585971832275,0.6436969637870789,-0.17353789508342743,0.9999871850013733,0.432148277759552,0.6357520222663879,-0.13052161037921906,0.9999533891677856,0.44050735235214233,0.638098955154419,-0.1689443588256836,0.9999509453773499,0.5238184332847595,0.62076735496521,-0.25579634308815,0.9999405741691589,0.5656021237373352,0.6902343034744263,-0.2941557466983795,0.997239887714386,0.5656567811965942,0.7577899694442749,-0.2292221486568451,0.9945514798164368,0.4324939250946045,0.5840939283370972,0.1286110132932663,0.999931812286377,0.34481337666511536,0.5276127457618713,0.2038470208644867,0.9812029004096985,0.22250305116176605,0.5208662748336792,0.050218354910612106,0.9802044034004211,0.6382755637168884,0.4680052399635315,-0.15737462043762207,0.9999223351478577,0.5029377341270447,0.38918039202690125,-0.16563740372657776,0.9859716892242432,0.6393511295318604,0.3864904046058655,0.34890225529670715,0.8721688985824585,0.584883451461792,0.4694090485572815,0.15705952048301697,0.9999086260795593,0.4997844994068146,0.40408003330230713,0.3424658179283142,0.7672823071479797,0.616990327835083,0.400448739528656,0.6946874260902405,0.5548529028892517
bboy1,handhop,2,0.4301641583442688,0.6436625719070435,-0.15443582832813263,0.9999856352806091,0.43225395679473877,0.6357663869857788,-0.11541083455085754,0.999950110912323,0.4397836923599243,0.6379578113555908,-0.14982299506664276,0.999947190284729,0.5171797871589661,0.6167665123939514,-0.23039311170578003,0.9999374151229858,0.5644024014472961,0.68766188621521,-0.2347310185432434,0.9970629215240479,0.5662264227867126,0.7576688528060913,-0.1405985802412033,0.9945258498191833,0.43240049481391907,0.5809459090232849,0.1306842863559723,0.9999271631240845,0.34685492515563965,0.5209787487983704,0.19113832712173462,0.9802325367927551,0.22251257300376892,0.5125117301940918,0.03744489699602127,0.9787375330924988,0.6387990117073059,0.46579059958457947,-0.15756730735301971,0.9999251365661621,0.49993935227394104,0.39068692922592163,-0.1697131097316742,0.9847052097320557,0.6286291480064392,0.39468178153038025,0.3365921974182129,0.8607532978057861,0.5908201932907104,0.46869513392448425,0.15719503164291382,0.9999123811721802,0.49563202261924744,0.4066060185432434,0.32822585105895996,0.7548869848251343,0.6125618815422058,0.4031500518321991,0.6199531555175781,0.5512841939926147
bboy1,handhop,3,0.43058642745018005,0.643660306930542,-0.07517720758914948,0.9999844431877136,0.4352216422557831,0.6366438269615173,-0.09183958917856216,0.9999487996101379,0.43933460116386414,0.6378860473632812,-0.14805026352405548,0.9999473690986633,0.45905399322509766,0.5880314111709595,-0.28250202536582947,0.999933123588562,0.41471564769744873,0.5903644561767578,-0.22361114621162415,0.9967618584632874,0.35290977358818054,0.6274310350418091,-0.11893939226865768,0.9935439825057983,0.4873506426811218,0.6035759449005127,-0.015597387216985226,0.9999203085899353,0.48643240332603455,0.6340796947479248,0.03316746652126312,0.973279595375061,0.4436437785625458,0.6781724691390991,-0.10464795678853989,0.9776235222816467,0.629786491394043,0.4651637375354767,-0.15846437215805054,0.9999260306358337,0.5027853846549988,0.3904300332069397,-0.06691538542509079,0.9805485010147095,0.6318525075912476,0.39205411076545715,0.4352903664112091,0.8582180738449097,0.5984231233596802,0.4695844352245331,0.15806511044502258,0.9999165534973145,0.4956941306591034,0.40520527958869934,0.35703468322753906,0.7428730726242065,0.6048728823661804,0.3990606367588043,0.6243182420730591,0.5591291785240173
bboy1,handhop,4,0.4233045279979706,0.643560528755188,-0.17800676822662354,0.9999800324440002,0.4292261004447937,0.6366344094276428,-0.14431394636631012,0.9999297857284546,0.43285560607910156,0.6378118991851807,-0.17612813413143158,0.9999257922172546,0.48641103506088257,0.5939063429832458,-0.24945487082004547,0.9999191164970398,0.5183048248291016,0.6582163572311401,-0.2642592191696167,0.9967522621154785,0.520841121673584,0.7274817824363708,-0.2210327535867691,0.9935672879219055,0.45221850275993347,0.594081699848175,0.0672186017036438,0.9999135732650757,0.3747677505016327,0.5446226000785828,0.12647488713264465,0.9726437926292419,0.2591469883918762,0.5215014219284058,-0.017807869240641594,0.9768127799034119,0.6298444867134094,0.4662114083766937,-0.15707193315029144,0.9999201893806458,0.5070753693580627,0.3858444392681122,-0.1063782200217247,0.9815221428871155,0.6224627494812012,0.36417046189308167,0.3931642770767212,0.8619574308395386,0.5960054993629456,0.46916478872299194,0.15671272575855255,0.9999167323112488,0.49788129329681396,0.39326414465904236,0.3238354027271271,0.7433345913887024,0.5911627411842346,0.34822601079940796,0.6097360253334045,0.5824804306030273
bboy1,handhop,5,0.4192527234554291,0.6376069188117981,-0.08461757749319077,0.9999774098396301,0.4272960126399994,0.632655918598175,-0.13400709629058838,0.9999282360076904,0.42586827278137207,0.6315400004386902,-0.13869918882846832,0.999925434589386,0.4429239332675934,0.5858504772186279,-0.28428229689598083,0.9999195337295532,0.3837822377681732,0.6018550992012024,-0.23626086115837097,0.9966755509376526,0.3514144718647003,0.653526246547699,-0.10319440811872482,0.9932880401611328,0.488227903842926,0.6038822531700134,-0.012549305334687233,0.9998971223831177,0.481526643037796,0.6263030171394348,0.11342939734458923,0.9494565725326538,0.4417567849159241,0.6691656708717346,0.01478668861091137,0.9705561399459839,0.6221185922622681,0.4630645215511322,-0.1562078446149826,0.9999234080314636,0.5177510380744934,0.37364232540130615,0.03895838186144829,0.9811270236968994,0.6136979460716248,0.3247772753238678,0.46977806091308594,0.8720703125,0.5987418293952942,0.46923384070396423,0.1558373123407364,0.9999198317527771,0.5052692890167236,0.391446977853775,0.3949268162250519,0.7416639924049377,0.5953643321990967,0.34121257066726685,0.6527857184410095,0.6077516674995422
bboy1,handhop,6,0.41625744104385376,0.637446939945221,-0.15783977508544922,0.9999774098396301,0.42046764492988586,0.6303389072418213,-0.12112665176391602,0.99992835521698,0.42589840292930603,0.6320022940635681,-0.14156928658485413,0.9999246597290039,0.5033413171768188,0.6060023903846741,-0.18339551985263824,0.999921441078186,0.5148123502731323,0.6730912923812866,-0.28044238686561584,0.9968610405921936,0.5246331095695496,0.7433539032936096,-0.37912794947624207,0.9937101006507874,0.43444404006004333,0.5815147757530212,0.10846501588821411,0.9998987317085266,0.3410531282424927,0.5333792567253113,0.15150466561317444,0.9535947442054749,0.2336682677268982,0.5151160359382629,0.011060168966650963,0.9726698398590088,0.6222430467605591,0.46342355012893677,-0.15048597753047943,0.9999133348464966,0.5423024892807007,0.36677226424217224,-0.1557265669107437,0.9815361499786377,0.6033276319503784,0.2984553575515747,0.1441119909286499,0.8814870715141296,0.5694035291671753,0.46198850870132446,0.15028706192970276,0.9998897314071655,0.5086590647697449,0.3781487047672272,0.24971649050712585,0.742388129234314,0.5977221727371216,0.33231019973754883,0.6175057888031006,0.6146450638771057
bboy1,handhop,7,0.4144099950790405,0.6365706324577332,-0.18789583444595337,0.9999755620956421,0.4192737638950348,0.6295797228813171,-0.15833280980587006,0.9999228715896606,0.4232276380062103,0.6308460831642151,-0.1736004650592804,0.9999187588691711,0.49775949120521545,0.6071590185165405,-0.21686896681785583,0.9999165534973145,0.5378827452659607,0.682244598865509,-0.24981796741485596,0.9965288639068604,0.5498694777488708,0.7525804042816162,-0.2698563039302826,0.993602454662323,0.4266095459461212,0.5792059302330017,0.029582105576992035,0.9998800158500671,0.32554733753204346,0.520487904548645,0.07661213725805283,0.9522902369499207,0.21078941226005554,0.5052164196968079,-0.11305474489927292,0.9703853130340576,0.6119678020477295,0.4574633836746216,-0.1382380574941635,0.9999006986618042,0.5480457544326782,0.36438804864883423,0.08234516531229019,0.9819862246513367,0.6083745956420898,0.29576489329338074,0.4207443594932556,0.8905395865440369,0.5696326494216919,0.45945850014686584,0.13802272081375122,0.9998619556427002,0.5241621732711792,0.3757012188434601,0.4131949245929718,0.7321767210960388,0.5981822609901428,0.3186750113964081,0.7874044179916382,0.6247960925102234
bboy1,handhop,8,0.411674439907074,0.6362022757530212,-0.19649258255958557,0.9999733567237854,0.41715648770332336,0.6292287111282349,-0.16754931211471558,0.9999132752418518,0.42037147283554077,0.6304453015327454,-0.18265721201896667,0.9999099373817444,0.4957658052444458,0.6073273420333862,-0.23318390548229218,0.9999116063117981,0.5474189519882202,0.6822689175605774,-0.2611643075942993,0.9963037371635437,0.5542277693748474,0.754584550857544,-0.22971408069133759,0.9933681488037109,0.42078492045402527,0.5774914622306824,0.025908323004841805,0.9998636841773987,0.3211984932422638,0.5174475908279419,0.07792939245700836,0.9519893527030945,0.2067413181066513,0.5075827240943909,-0.10017074644565582,0.9679494500160217,0.6116719245910645,0.45511171221733093,-0.1390468031167984,0.9998834729194641,0.544403076171875,0.3614349663257599,0.017050709575414658,0.9825480580329895,0.6091554164886475,0.29422304034233093,0.38575243949890137,0.8981809616088867,0.5712067484855652,0.45762208104133606,0.13880407810211182,0.9998337626457214,0.5211936235427856,0.37518513202667236,0.41875389218330383,0.7232851386070251,0.5902225971221924,0.32784515619277954,0.7489274144172668,0.6384396553039551
bboy1,handhop,9,0.4089854061603546,0.6396480798721313,-0.1577920913696289,0.9999734163284302,0.4123329818248749,0.6293509602546692,-0.0862407386302948,0.9999121427536011,0.42133164405822754,0.6343284845352173,-0.1097702607512474,0.9999085068702698,0.5176306962966919,0.6229112148284912,-0.11837942898273468,0.9999106526374817,0.548957347869873,0.6878816485404968,-0.24796105921268463,0.9966080188751221,0.548515796661377,0.7598743438720703,-0.2806245982646942,0.9938878417015076,0.4059770703315735,0.5726686716079712,0.20734082162380219,0.9998582005500793,0.3205510377883911,0.5183476805686951,0.26275569200515747,0.9545045495033264,0.20907507836818695,0.5099145770072937,0.10675439238548279,0.9697108268737793,0.6199784874916077,0.4562446177005768,-0.14151781797409058,0.9998681545257568,0.5504888892173767,0.3564675450325012,-0.30822518467903137,0.9824500679969788,0.6137518286705017,0.30815330147743225,0.11829239130020142,0.8927926421165466,0.5511733889579773,0.4559941589832306,0.14134475588798523,0.9998112916946411,0.48316603899002075,0.3711078464984894,0.11596192419528961,0.7274628281593323,0.5928568840026855,0.3321402668952942,0.4631902873516083,0.6303948163986206
bboy1,handhop,10,0.40932387113571167,0.6424015164375305,-0.1517840027809143,0.9999738335609436,0.413400262594223,0.6305904388427734,-0.07471829652786255,0.999914824962616,0.4222157299518585,0.6370158791542053,-0.10266739875078201,0.9999089241027832,0.5262333154678345,0.626810610294342,-0.13805148005485535,0.9999057650566101,0.5453593730926514,0.6927376985549927,-0.3678274154663086,0.9968265295028687,0.5448693037033081,0.7615798711776733,-0.5501834750175476,0.9943144917488098,0.4052758812904358,0.5729071497917175,0.21382682025432587,0.9998584389686584,0.32606467604637146,0.5191012024879456,0.256326287984848,0.9568214416503906,0.2123410999774933,0.5125006437301636,0.09980303794145584,0.9716578125953674,0.6266478300094604,0.45631662011146545,-0.1457771360874176,0.9998441338539124,0.5466940402984619,0.3597526252269745,-0.3683044910430908,0.9822990298271179,0.6069587469100952,0.31781724095344543,0.1324101835489273,0.8799542188644409,0.5477794408798218,0.4570060968399048,0.14563682675361633,0.9997838735580444,0.4556809365749359,0.37314683198928833,0.09560524672269821,0.7342334389686584,0.5884519219398499,0.3364270329475403,0.43352657556533813,0.6198018789291382
bboy1,handhop,11,0.4080255627632141,0.6446398496627808,-0.004859898239374161,0.999975860118866,0.4106135964393616,0.6331827640533447,0.04237418994307518,0.9999212026596069,0.4220885932445526,0.6406958699226379,0.014160307124257088,0.9999150633811951,0.5304105877876282,0.6316106915473938,-0.05114545673131943,0.9999063611030579,0.5454985499382019,0.6978747844696045,-0.2681722044944763,0.9970657229423523,0.548203706741333,0.7645646929740906,-0.3603192865848541,0.9947249889373779,0.4045535624027252,0.5742525458335876,0.27523255348205566,0.9998644590377808,0.32853245735168457,0.5182875394821167,0.3056100606918335,0.9587026834487915,0.21687932312488556,0.5135653018951416,0.1491948664188385,0.9728555083274841,0.629647433757782,0.45995965600013733,-0.14677485823631287,0.9998457431793213,0.5350348949432373,0.3619413673877716,-0.3918617069721222,0.9815908670425415,0.6061687469482422,0.3310861885547638,0.09340368211269379,0.8588783740997314,0.546217679977417,0.4576888680458069,0.14661774039268494,0.9997894763946533,0.4331803321838379,0.378509521484375,0.04377107694745064,0.7404107451438904,0.5835506319999695,0.3491644859313965,0.34628531336784363,0.6044086217880249
bboy1,handhop,12,0.40762829780578613,0.6464996933937073,-0.05422157049179077,0.9999768733978271,0.4082332253456116,0.6349593997001648,-0.011400986462831497,0.9999237656593323,0.42156824469566345,0.6423443555831909,-0.039321254938840866,0.9999168515205383,0.529661238193512,0.6322681903839111,-0.10571333765983582,0.9999017715454102,0.5485199689865112,0.6959890723228455,-0.2566087543964386,0.9972933530807495,0.5496569871902466,0.764302670955658,-0.3101426661014557,0.9951010942459106,0.40379780530929565,0.5750676393508911,0.23612500727176666,0.9998680949211121,0.33145222067832947,0.5168198943138123,0.29514583945274353,0.960270345211029,0.2213878482580185,0.5121302604675293,0.14073634147644043,0.9740622639656067,0.6326767206192017,0.46348467469215393,-0.158611461520195,0.9998229146003723,0.5335180759429932,0.3638710379600525,-0.3281136751174927,0.9808626174926758,0.6100382208824158,0.3392254114151001,0.15903662145137787,0.8423757553100586,0.5471428036689758,0.4631432592868805,0.15854424238204956,0.999771773815155,0.41802990436553955,0.3914046585559845,0.11182007938623428,0.7343620657920837,0.5755398869514465,0.37146902084350586,0.4464748203754425,0.5773862600326538
bboy1,handhop,13,0.4083731174468994,0.6450961828231812,-0.1319936364889145,0.999973714351654,0.409274160861969,0.634104311466217,-0.08278404176235199,0.9999160766601562,0.42189398407936096,0.6405131220817566,-0.11719720810651779,0.9999058842658997,0.5286983251571655,0.6307163238525391,-0.1853957325220108,0.9998838901519775,0.5471440553665161,0.696330726146698,-0.26678282022476196,0.9974537491798401,0.5477856397628784,0.764664351940155,-0.2568571865558624,0.9953795671463013,0.40634602308273315,0.5747873783111572,0.21478253602981567,0.9998630881309509,0.3323554992675781,0.5144456028938293,0.2727622389793396,0.9620753526687622,0.2235090583562851,0.5075824856758118,0.13387581706047058,0.9752203822135925,0.6351874470710754,0.46509701013565063,-0.1591426283121109,0.9997957944869995,0.5281585454940796,0.37170448899269104,-0.2944803237915039,0.9800785183906555,0.6109380722045898,0.35759294033050537,0.2592027187347412,0.825738251209259,0.5478958487510681,0.4681977927684784,0.15905265510082245,0.9997528791427612,0.4117565155029297,0.4028269648551941,0.13944517076015472,0.7373844385147095,0.571903645992279,0.38869601488113403,0.4744408428668976,0.5598543882369995
bboy1,handhop,14,0.4060104489326477,0.6439183950424194,-0.11551462113857269,0.9999744296073914,0.4082551896572113,0.6335774660110474,-0.06161462888121605,0.9999178647994995,0.41970130801200867,0.6395541429519653,-0.10472413897514343,0.9999080300331116,0.5241448283195496,0.62977534532547,-0.18027660250663757,0.9998829364776611,0.5466787815093994,0.6949783563613892,-0.2641761004924774,0.9975996613502502,0.5467806458473206,0.7629595994949341,-0.2579025626182556,0.9956607222557068,0.4077887535095215,0.5749679207801819,0.21728841960430145,0.9998663067817688,0.33266395330429077,0.5135107636451721,0.27520060539245605,0.9632810354232788,0.22447842359542847,0.5016395449638367,0.12371020764112473,0.9761304259300232,0.6351688504219055,0.4650813639163971,-0.16070565581321716,0.9997995495796204,0.5147354602813721,0.3796960115432739,-0.3010755181312561,0.9795588850975037,0.6117427349090576,0.3713794946670532,0.25190895795822144,0.8101951479911804,0.5485686659812927,0.4690948724746704,0.16055512428283691,0.999762773513794,0.4000590741634369,0.40913859009742737,0.15176405012607574,0.7431657314300537,0.5754198431968689,0.3919019103050232,0.441923052072525,0.5511398315429688
bboy1,handhop,15,0.40276971459388733,0.6446954011917114,0.01627456583082676,0.9999763369560242,0.40533190965652466,0.6341020464897156,0.06458232551813126,0.9999232292175293,0.4179401993751526,0.6399581432342529,0.04089773818850517,0.9999136328697205,0.5232702493667603,0.632731556892395,0.015154460445046425,0.9998807907104492,0.5464496612548828,0.697002112865448,-0.08946818858385086,0.997726321220398,0.5468516945838928,0.7652934193611145,-0.09980325400829315,0.9958362579345703,0.4034929871559143,0.5745708346366882,0.2924772799015045,0.9998736381530762,0.3341641426086426,0.5113344192504883,0.31045669317245483,0.9656701683998108,0.2251264750957489,0.4966185986995697,0.13823075592517853,0.9778403639793396,0.6350160837173462,0.4668903350830078,-0.1576061099767685,0.9998042583465576,0.5102471113204956,0.3801695704460144,-0.35790494084358215,0.9770487546920776,0.6095400452613831,0.37304407358169556,0.18473319709300995,0.7691558599472046,0.5429489016532898,0.4706062972545624,0.15724168717861176,0.9997710585594177,0.39909490942955017,0.40598222613334656,0.05266653001308441,0.7488121390342712,0.5774068832397461,0.402017205953598,0.3551923930644989,0.5267341136932373
bboy1,handhop,16,0.400890588760376,0.644603431224823,-0.011058530770242214,0.9999773502349854,0.40345028042793274,0.6340315341949463,0.03944282606244087,0.9999259114265442,0.4156128168106079,0.639884889125824,0.017190106213092804,0.9999151825904846,0.5218998789787292,0.6362044811248779,0.014662705361843109,0.9998794794082642,0.5473175644874573,0.6988351941108704,-0.10923266410827637,0.9978668093681335,0.5471463799476624,0.7665639519691467,-0.1595749408006668,0.996070921421051,0.4000752866268158,0.5731090903282166,0.27177298069000244,0.9998812079429626,0.33468183875083923,0.5079859495162964,0.28885993361473083,0.9677974581718445,0.2257319837808609,0.4923500716686249,0.11622034758329391,0.9795538783073425,0.631964385509491,0.46853500604629517,-0.15309353172779083,0.9998040199279785,0.5128282904624939,0.37927207350730896,-0.3621937930583954,0.9750165939331055,0.6079930663108826,0.3703710734844208,0.18958605825901031,0.7294204235076904,0.535011351108551,0.4711608290672302,0.15262433886528015,0.9997726082801819,0.40574073791503906,0.40003395080566406,0.05901708826422691,0.7492903470993042,0.5773658752441406,0.3945867717266083,0.41472336649894714,0.5008170008659363
bboy1,handhop,17,0.40031489729881287,0.6437089443206787,-0.10808134824037552,0.9999725222587585,0.4028739929199219,0.6335957050323486,-0.05409039184451103,0.9999103546142578,0.41565221548080444,0.6397598385810852,-0.07744317501783371,0.9998933672904968,0.5215743184089661,0.6365474462509155,-0.01318894699215889,0.9998689889907837,0.5478177666664124,0.6988672614097595,-0.15560893714427948,0.9979926943778992,0.549942672252655,0.7670891284942627,-0.18181632459163666,0.9961915612220764,0.3989494740962982,0.5719872117042542,0.1992720514535904,0.999879777431488,0.33581966161727905,0.5075877904891968,0.2438095062971115,0.9691913723945618,0.2239694595336914,0.48793020844459534,0.06650643795728683,0.9804248809814453,0.6284264326095581,0.4684699773788452,-0.1465703248977661,0.9997771978378296,0.5207189321517944,0.3729607164859772,-0.3274536430835724,0.9722235202789307,0.5927329063415527,0.3672983944416046,0.2557055950164795,0.6939051747322083,0.5306076407432556,0.47088125348091125,0.14616069197654724,0.9997425675392151,0.4137834906578064,0.3903869092464447,0.07697461545467377,0.7424975037574768,0.5668291449546814,0.3927491009235382,0.5170977115631104,0.4694264829158783
bboy1,handhop,18,0.39472484588623047,0.6437903642654419,-0.07158127427101135,0.9999704360961914,0.3954358398914337,0.633592426776886,-0.017490923404693604,0.999902606010437,0.4106995165348053,0.6398389935493469,-0.02478191815316677,0.9998844265937805,0.5215169191360474,0.6362240314483643,0.04668475687503815,0.999860405921936,0.5475918650627136,0.6996906995773315,0.003122377209365368,0.9980332851409912,0.5493133664131165,0.7675313353538513,0.029480131343007088,0.9960662722587585,0.39516550302505493,0.5688782930374146,0.204363614320755,0.9998661279678345,0.3289049565792084,0.5064762830734253,0.2327592521905899,0.9709169268608093,0.2075001746416092,0.48917198181152344,0.05385072901844978,0.9813132286071777,0.6247744560241699,0.46844324469566345,-0.1042894795536995,0.9997711777687073,0.5450802445411682,0.3653753399848938,-0.31942954659461975,0.9679725766181946,0.5789705514907837,0.3330700695514679,0.19755510985851288,0.6661418080329895,0.5250464677810669,0.4664086699485779,0.1039944663643837,0.9997100234031677,0.4184201955795288,0.3751523196697235,-0.016347749158740044,0.7481264472007751,0.5661443471908569,0.39001280069351196,0.5089735984802246,0.4379619061946869
bboy1,handhop,19,0.3936648964881897,0.6443519592285156,-0.23857823014259338,0.9999666810035706,0.39265725016593933,0.6336255669593811,-0.17995823919773102,0.9999014735221863,0.40861576795578003,0.639904797077179,-0.1904636174440384,0.9998830556869507,0.5219733119010925,0.6338597536087036,-0.08198104798793793,0.9998583197593689,0.5413404703140259,0.698763906955719,-0.13714076578617096,0.9980390071868896,0.5484414100646973,0.7676225304603577,-0.20896029472351074,0.9960313439369202,0.39212730526924133,0.563525915145874,0.0761493667960167,0.9998594522476196,0.31418102979660034,0.5060935616493225,0.10579633712768555,0.9730358719825745,0.1892714947462082,0.49324339628219604,-0.08272317796945572,0.9824302196502686,0.621360182762146,0.46373558044433594,-0.08708160370588303,0.9997707009315491,0.5634682178497314,0.3592846989631653,-0.15445587038993835,0.9639164805412292,0.5724993944168091,0.3128551244735718,0.3517281115055084,0.6591326594352722,0.5228903889656067,0.45590248703956604,0.08681917190551758,0.9996949434280396,0.45352691411972046,0.3596387803554535,0.032684486359357834,0.7522847652435303,0.5240626335144043,0.38952404260635376,0.6767764091491699,0.40478166937828064
bboy1,handhop,20,0.3870006799697876,0.6467440724372864,-0.1739460825920105,0.9999681711196899,0.3872814476490021,0.6353257298469543,-0.12380265444517136,0.9999077916145325,0.40260690450668335,0.6410558223724365,-0.133988156914711,0.9998905658721924,0.5184744596481323,0.6310127377510071,-0.04006005451083183,0.9998626112937927,0.5355569124221802,0.6951023936271667,-0.02753470651805401,0.9978798627853394,0.5470378994941711,0.7673755884170532,0.044903986155986786,0.9956303834915161,0.3829086720943451,0.5635403394699097,0.09585509449243546,0.9998593330383301,0.2935684621334076,0.5074702501296997,0.11404607445001602,0.9745078682899475,0.16969722509384155,0.5012857913970947,-0.07943402230739594,0.9826998710632324,0.6149213910102844,0.4588138163089752,-0.07149927318096161,0.9997806549072266,0.5732375979423523,0.35491427779197693,-0.023815836757421494,0.9618704319000244,0.5756846070289612,0.29574182629585266,0.5236435532569885,0.6731050610542297,0.5170198082923889,0.44898682832717896,0.07114564627408981,0.9997019171714783,0.47636622190475464,0.3485475480556488,0.06028120219707489,0.765666663646698,0.5106944441795349,0.3529215455055237,0.7523635029792786,0.39632534980773926
bboy1,handhop,21,0.37921029329299927,0.6461722254753113,-0.23779968917369843,0.999963641166687,0.379329651594162,0.6345950961112976,-0.18716973066329956,0.9999001026153564,0.3943372070789337,0.6403430700302124,-0.19847774505615234,0.9998821020126343,0.5105498433113098,0.6280854940414429,-0.14936105906963348,0.9998468160629272,0.5352439284324646,0.6908040642738342,-0.2167070209980011,0.9978315830230713,0.5419365167617798,0.7647246718406677,-0.28318122029304504,0.9955047965049744,0.37451857328414917,0.5631519556045532,0.039434149861335754,0.9998451471328735,0.2776212692260742,0.5132526755332947,0.06503752619028091,0.9749789834022522,0.15924322605133057,0.5142313838005066,-0.13075478374958038,0.9818787574768066,0.6118563413619995,0.45530396699905396,-0.07955286651849747,0.9997762441635132,0.6001981496810913,0.35639485716819763,-0.0017446429701521993,0.961040198802948,0.5774441361427307,0.31064242124557495,0.6180854439735413,0.6939184665679932,0.5145842432975769,0.44152355194091797,0.07932751625776291,0.9997046589851379,0.49321627616882324,0.34980297088623047,0.14031179249286652,0.7747301459312439,0.5278547406196594,0.3325616121292114,0.8226337432861328,0.4154122769832611
bboy1,handhop,22,0.3777732253074646,0.6438488364219666,-0.27283409237861633,0.999958872795105,0.3785836100578308,0.632914662361145,-0.21919211745262146,0.9998924732208252,0.392960786819458,0.638543963432312,-0.238386332988739,0.9998739361763,0.5065031051635742,0.6266511678695679,-0.19862978160381317,0.9998268485069275,0.534009575843811,0.6885479092597961,-0.22285059094429016,0.9975683689117432,0.5395673513412476,0.764566957950592,-0.2323964387178421,0.994513988494873,0.37531015276908875,0.5640507936477661,0.018658941611647606,0.9998388290405273,0.2702610492706299,0.5174742341041565,0.052339810878038406,0.9758756160736084,0.15308420360088348,0.527499794960022,-0.1548820286989212,0.9806970357894897,0.607959508895874,0.45156368613243103,-0.09068439155817032,0.9997625350952148,0.5879793763160706,0.3572253882884979,0.05628342181444168,0.954760730266571,0.5801778435707092,0.31728753447532654,0.6840908527374268,0.7055703997612,0.5162143707275391,0.43860501050949097,0.09043950587511063,0.9997005462646484,0.49836036562919617,0.35046669840812683,0.2417992204427719,0.7697284817695618,0.5294421315193176,0.3281402587890625,0.9265426993370056,0.4154800772666931
bboy1,handhop,23,0.37596431374549866,0.643951416015625,-0.24424706399440765,0.9999566078186035,0.37790846824645996,0.6329225897789001,-0.19093488156795502,0.9998898506164551,0.39200615882873535,0.6385549902915955,-0.21461530029773712,0.9998720288276672,0.5014997720718384,0.6279550790786743,-0.20350322127342224,0.9998175501823425,0.5248215198516846,0.6907592415809631,-0.2497854381799698,0.9976800680160522,0.5266147255897522,0.7644402384757996,-0.253961980342865,0.9946563839912415,0.37143734097480774,0.5647991299629211,0.0535229928791523,0.9998282790184021,0.26890817284584045,0.5219005942344666,0.09976984560489655,0.9766141176223755,0.15220071375370026,0.5330426692962646,-0.09200786054134369,0.9807049036026001,0.6067502498626709,0.4531422555446625,-0.09239255636930466,0.9997584223747253,0.5789280533790588,0.35594093799591064,-0.031573932617902756,0.9513859152793884,0.5868938565254211,0.3196495473384857,0.5507489442825317,0.7072650194168091,0.5163142681121826,0.4418654143810272,0.09190601110458374,0.9996979832649231,0.49045422673225403,0.3541184961795807,0.18291746079921722,0.7663584351539612,0.5443056225776672,0.3417591452598572,0.8357122540473938,0.3978850245475769
bboy1,handhop,24,0.3774060606956482,0.6422426700592041,-0.2850189208984375,0.999950647354126,0.3789512515068054,0.6315378546714783,-0.22014838457107544,0.9998774528503418,0.3931496739387512,0.6375082731246948,-0.2486327588558197,0.9998613595962524,0.4938485026359558,0.6303778290748596,-0.22017890214920044,0.9998040795326233,0.5165581703186035,0.6946666836738586,-0.318975031375885,0.9978303909301758,0.523608922958374,0.7657800316810608,-0.39272937178611755,0.9949259161949158,0.36867472529411316,0.5662625432014465,0.07292953878641129,0.9998236298561096,0.2730516791343689,0.5230777263641357,0.11747657507658005,0.9777840375900269,0.15542998909950256,0.530185341835022,-0.08101297914981842,0.981545627117157,0.6040262579917908,0.4544912576675415,-0.12350432574748993,0.9997273087501526,0.5547032952308655,0.35542234778404236,-0.20503312349319458,0.951961874961853,0.6039568185806274,0.33502209186553955,0.3837745785713196,0.7032619714736938,0.5158485770225525,0.4421071410179138,0.12338756769895554,0.9996793270111084,0.4705839157104492,0.35621410608291626,0.09947388619184494,0.7642471790313721,0.5618358850479126,0.35527560114860535,0.7095428705215454,0.3841799199581146
bboy1,handhop,25,0.37258464097976685,0.6425840854644775,-0.2086125612258911,0.9999364018440247,0.375803142786026,0.6330553889274597,-0.16368171572685242,0.9998287558555603,0.38550081849098206,0.6375653147697449,-0.21591651439666748,0.9998130798339844,0.4891303777694702,0.6347483992576599,-0.21678198873996735,0.999779999256134,0.5412224531173706,0.6940407156944275,-0.289930135011673,0.9977725148200989,0.5251098275184631,0.7658642530441284,-0.3108028173446655,0.9945970773696899,0.3662876784801483,0.5724939107894897,0.09483879059553146,0.9998100996017456,0.2784460186958313,0.5225794315338135,0.15417897701263428,0.9774704575538635,0.15998217463493347,0.5275813341140747,-0.008199352771043777,0.9804012775421143,0.6031983494758606,0.46081164479255676,-0.14409631490707397,0.9996734857559204,0.524223268032074,0.3653194308280945,-0.18827597796916962,0.9530650973320007,0.6045916080474854,0.34881311655044556,0.33423805236816406,0.7144293785095215,0.5167638659477234,0.45201680064201355,0.14409515261650085,0.9996196031570435,0.4430501163005829,0.3733815848827362,0.16899147629737854,0.7619026303291321,0.5680989027023315,0.3737585246562958,0.6288641095161438,0.3865649402141571
bboy1,handhop,26,0.369006872177124,0.6425976157188416,-0.1843416392803192,0.9999077916145325,0.373141884803772,0.6332101821899414,-0.13364914059638977,0.9997161626815796,0.38154545426368713,0.6375994086265564,-0.2012292891740799,0.9997114539146423,0.49119290709495544,0.6378446817398071,-0.2159598022699356,0.999718189239502,0.5334917306900024,0.7023817896842957,-0.26759597659111023,0.9976646304130554,0.5255146026611328,0.766065776348114,-0.2520815134048462,0.9941375255584717,0.365346759557724,0.5763729214668274,0.1258944422006607,0.9997574090957642,0.28118789196014404,0.5222460627555847,0.1966152787208557,0.975944995880127,0.16212037205696106,0.5259209871292114,0.05289424955844879,0.9789215922355652,0.6036583185195923,0.4638957381248474,-0.1494700014591217,0.9995933175086975,0.519570529460907,0.3725728690624237,-0.2241949737071991,0.9540035128593445,0.6079656481742859,0.36165866255760193,0.3094210922718048,0.7163224816322327,0.5171911120414734,0.4617054760456085,0.14947509765625,0.9995289444923401,0.4200635254383087,0.38488784432411194,0.15805365145206451,0.7613194584846497,0.5691590905189514,0.38790756464004517,0.5289528369903564,0.3859531581401825
bboy1,handhop,27,0.37058985233306885,0.6430933475494385,-0.23315005004405975,0.9999018311500549,0.3746092915534973,0.6347081065177917,-0.18845146894454956,0.9996959567070007,0.3830360770225525,0.637797474861145,-0.22398211061954498,0.9996917247772217,0.49196985363960266,0.6376247406005859,-0.2635360658168793,0.9996902346611023,0.5355783700942993,0.6826340556144714,-0.2912747263908386,0.9974240064620972,0.5260534882545471,0.7662450671195984,-0.2705358862876892,0.993782639503479,0.3673909306526184,0.5777717232704163,0.05812809616327286,0.9997335076332092,0.2824414372444153,0.5181794762611389,0.12028089165687561,0.9741355776786804,0.16381141543388367,0.5252805352210999,-0.03331305831670761,0.9766808152198792,0.6046279072761536,0.4662298262119293,-0.14908160269260406,0.999573290348053,0.5216203927993774,0.37788137793540955,-0.17524443566799164,0.9554868340492249,0.6093195676803589,0.3736048936843872,0.4107893109321594,0.7229940295219421,0.5240862965583801,0.467891126871109,0.14895980060100555,0.9995082020759583,0.4163171052932739,0.39795950055122375,0.25521934032440186,0.7550016045570374,0.5698220133781433,0.3950640559196472,0.6932607889175415,0.3887464106082916
bboy1,handhop,28,0.3706924021244049,0.6450247168540955,-0.21676979959011078,0.9998766779899597,0.3751625418663025,0.636283814907074,-0.18658241629600525,0.9996036887168884,0.38358503580093384,0.6396569609642029,-0.21686404943466187,0.9996020793914795,0.4863278567790985,0.6379250288009644,-0.23512211441993713,0.9996405839920044,0.5374347567558289,0.6802781224250793,-0.2743428945541382,0.9973400235176086,0.5268825888633728,0.7660303711891174,-0.2173498272895813,0.9937267303466797,0.3679580092430115,0.5776757597923279,0.06902948766946793,0.9996784329414368,0.2833079695701599,0.5169622898101807,0.1543624848127365,0.9727568626403809,0.16429923474788666,0.5204713940620422,0.02705852873623371,0.9755446314811707,0.6049009561538696,0.46946242451667786,-0.14946088194847107,0.9994992017745972,0.5255518555641174,0.3767649829387665,-0.2014838457107544,0.9537237882614136,0.6085294485092163,0.37822452187538147,0.361788809299469,0.711458683013916,0.5220004916191101,0.47259485721588135,0.14940036833286285,0.9994243383407593,0.4034098982810974,0.3970566391944885,0.20897603034973145,0.7377716898918152,0.5639266967773438,0.42084458470344543,0.6214098334312439,0.3716830313205719
bboy1,handhop,29,0.37133607268333435,0.6514149904251099,-0.20361532270908356,0.9998775720596313,0.37564805150032043,0.6401622295379639,-0.17222777009010315,0.9995981454849243,0.3845204710960388,0.6445963978767395,-0.18668034672737122,0.999602735042572,0.4858638644218445,0.6378480792045593,-0.1888059377670288,0.9996262192726135,0.5285001993179321,0.6918815970420837,-0.24383904039859772,0.9972741603851318,0.5281945466995239,0.7671932578086853,-0.23267832398414612,0.9935030341148376,0.36655303835868835,0.5766063332557678,0.09065724909305573,0.999661922454834,0.28465667366981506,0.5151245594024658,0.15546675026416779,0.9733131527900696,0.1635405719280243,0.5171058177947998,0.0147610018029809,0.9753811955451965,0.6067569255828857,0.4732286334037781,-0.14730973541736603,0.9994568824768066,0.5255904793739319,0.37849000096321106,-0.23681852221488953,0.9490445852279663,0.6089785099029541,0.3925126791000366,0.3271896243095398,0.6832645535469055,0.5215184092521667,0.4733666777610779,0.1471920907497406,0.9993857145309448,0.40015730261802673,0.3974591791629791,0.18185968697071075,0.7233445048332214,0.5696619153022766,0.4124641418457031,0.5485377907752991,0.3536852300167084
bboy1,handhop,30,0.3718034029006958,0.6491192579269409,-0.2807033061981201,0.9998776912689209,0.37570318579673767,0.6393914818763733,-0.2330019325017929,0.999592125415802,0.38494279980659485,0.6423850655555725,-0.25978413224220276,0.9995992183685303,0.4783303141593933,0.6274187564849854,-0.2788693904876709,0.9996063113212585,0.5229496359825134,0.6928429007530212,-0.31895527243614197,0.9969866275787354,0.5266782641410828,0.7665890455245972,-0.2936929762363434,0.9931256771087646,0.3678615987300873,0.5773455500602722,0.037162285298109055,0.9996652007102966,0.2851589024066925,0.5152053236961365,0.09239962697029114,0.974082350730896,0.16378679871559143,0.5140431523323059,-0.05105721205472946,0.9755916595458984,0.604239821434021,0.47451499104499817,-0.1533493995666504,0.9994193911552429,0.4904654026031494,0.3789713978767395,-0.21736279129981995,0.9487614035606384,0.6091973781585693,0.38948705792427063,0.3309810161590576,0.6688079833984375,0.5273547172546387,0.47689586877822876,0.15316423773765564,0.9993690252304077,0.40058547258377075,0.3975107967853546,0.23025919497013092,0.7069315910339355,0.5723786354064941,0.40742209553718567,0.5854476094245911,0.34183192253112793
bboy1,handhop,31,0.37099379301071167,0.6492396593093872,-0.12468749284744263,0.9998884201049805,0.3751060962677002,0.6391565799713135,-0.0704362764954567,0.9996258616447449,0.38499683141708374,0.643323540687561,-0.09127435088157654,0.9996331334114075,0.4785434305667877,0.6383336186408997,-0.070360466837883,0.9996297955513,0.5239219069480896,0.7005807757377625,-0.18126973509788513,0.9970511198043823,0.5268315672874451,0.7676023840904236,-0.23638400435447693,0.9931074380874634,0.36571112275123596,0.5763484835624695,0.19187933206558228,0.9996824860572815,0.28592273592948914,0.5144034624099731,0.19012747704982758,0.9754889011383057,0.16381904482841492,0.5115867853164673,0.011962508782744408,0.976925790309906,0.6047871708869934,0.474460631608963,-0.15109221637248993,0.9994498491287231,0.49474701285362244,0.3823107182979584,-0.3432327210903168,0.9493310451507568,0.6016389727592468,0.38067302107810974,0.22679582238197327,0.6532362103462219,0.5198633074760437,0.47461697459220886,0.15098801255226135,0.9994007349014282,0.3970203399658203,0.39495858550071716,0.1321105808019638,0.7108727693557739,0.5692992210388184,0.4045645594596863,0.4307982325553894,0.343700647354126
bboy1,handhop,32,0.36705705523490906,0.648997962474823,-0.11303482204675674,0.9998953342437744,0.37235939502716064,0.6389631628990173,-0.057416584342718124,0.9996429681777954,0.38257715106010437,0.6432030200958252,-0.08358939737081528,0.9996541738510132,0.47973158955574036,0.6402723789215088,-0.07914495468139648,0.9996420741081238,0.5241709351539612,0.6994208693504333,-0.17109358310699463,0.9970694780349731,0.5270375609397888,0.7679507732391357,-0.20472031831741333,0.9929244518280029,0.3654841184616089,0.5759617686271667,0.21694445610046387,0.999685525894165,0.28600412607192993,0.5130168795585632,0.22557616233825684,0.9758421182632446,0.1603820025920868,0.5097399353981018,0.04005896672606468,0.9763612151145935,0.6050257086753845,0.47573962807655334,-0.15182137489318848,0.9994733929634094,0.4935915470123291,0.3812450170516968,-0.3189121186733246,0.949378490447998,0.5852538347244263,0.37062567472457886,0.28602334856987,0.6409321427345276,0.5173951983451843,0.473253071308136,0.15159088373184204,0.9994323253631592,0.4028012156486511,0.39306536316871643,0.12527744472026825,0.7148396968841553,0.5650426149368286,0.381124347448349,0.4838791489601135,0.34886476397514343
bboy1,handhop,33,0.3646399974822998,0.6491706967353821,-0.09495845437049866,0.9999005794525146,0.3689567446708679,0.6388688683509827,-0.04253029823303223,0.9996538162231445,0.3807293176651001,0.6437041759490967,-0.0451376773416996,0.9996689558029175,0.48166316747665405,0.6423734426498413,0.034714821726083755,0.9996546506881714,0.5247237086296082,0.699910044670105,-0.04875801503658295,0.9970133304595947,0.5272342562675476,0.768122136592865,-0.11485861986875534,0.9925562739372253,0.3599664270877838,0.573273777961731,0.19403983652591705,0.9996626377105713,0.27793633937835693,0.5130963325500488,0.180599182844162,0.976482629776001,0.15574319660663605,0.5081217885017395,-0.05411367490887642,0.9761554002761841,0.603878915309906,0.4767782390117645,-0.12348740547895432,0.9994931817054749,0.5126240849494934,0.3791394531726837,-0.39038875699043274,0.9511805176734924,0.569133460521698,0.3356568515300751,0.14824999868869781,0.6603381633758545,0.5117281079292297,0.47236812114715576,0.12312709540128708,0.9994285106658936,0.40552428364753723,0.3834604024887085,-0.017940407618880272,0.7275643944740295,0.5607194900512695,0.3657782971858978,0.439402312040329,0.36878499388694763
bboy1,handhop,34,0.359386146068573,0.6490703225135803,-0.15857088565826416,0.9999051690101624,0.361278772354126,0.6382616758346558,-0.10583078116178513,0.9996709227561951,0.37465235590934753,0.6434895396232605,-0.10727530717849731,0.9996854662895203,0.4804481267929077,0.6397222876548767,0.015170229598879814,0.9996765851974487,0.5193527340888977,0.6993717551231384,-0.20678885281085968,0.9970395565032959,0.5277407169342041,0.7681587934494019,-0.3485407531261444,0.992776095867157,0.35571348667144775,0.5711430311203003,0.1486932337284088,0.9996658563613892,0.2678984999656677,0.5154735445976257,0.1611688733100891,0.9767261147499084,0.14794664084911346,0.5074999928474426,-0.04682768136262894,0.9765459299087524,0.6037201285362244,0.47584107518196106,-0.12629400193691254,0.9995205998420715,0.5183796882629395,0.3707170784473419,-0.33012405037879944,0.9535143971443176,0.5714024305343628,0.2957511246204376,0.08802641928195953,0.6861340403556824,0.5110936164855957,0.4678667187690735,0.12595318257808685,0.9994341135025024,0.41707950830459595,0.37738996744155884,0.06432158499956131,0.7246853709220886,0.5411072373390198,0.3505220115184784,0.4725477397441864,0.37773624062538147
bboy1,handhop,35,0.3582533597946167,0.6439866423606873,-0.28653523325920105,0.9999006390571594,0.3597738444805145,0.6321396231651306,-0.22235405445098877,0.999666154384613,0.37344878911972046,0.6389331221580505,-0.23425978422164917,0.9996899366378784,0.47656238079071045,0.6383680701255798,-0.15792135894298553,0.9997042417526245,0.5121726989746094,0.6990150213241577,-0.3372751772403717,0.9970237016677856,0.5231558680534363,0.768163800239563,-0.5196851491928101,0.9930623769760132,0.3510172367095947,0.567390501499176,0.08020304888486862,0.9996716380119324,0.25831878185272217,0.5158054828643799,0.08397514373064041,0.977165162563324,0.14390188455581665,0.5073688626289368,-0.1327276974916458,0.9773553013801575,0.6036234498023987,0.4752911627292633,-0.1331130713224411,0.999545156955719,0.5377675890922546,0.36665022373199463,-0.31205886602401733,0.9575508236885071,0.5876979231834412,0.27386197447776794,-0.07144665718078613,0.7166692614555359,0.5111052989959717,0.46499890089035034,0.13312461972236633,0.9993950724601746,0.42766985297203064,0.37593984603881836,0.15311157703399658,0.7311837077140808,0.5361859798431396,0.32892245054244995,0.5795634388923645,0.41532135009765625
bboy1,handhop,36,0.35058626532554626,0.6392459869384766,-0.24632172286510468,0.9998975992202759,0.35555705428123474,0.6291504502296448,-0.19227264821529388,0.9996596574783325,0.36334657669067383,0.6325723528862,-0.22482003271579742,0.9996881484985352,0.46923884749412537,0.6330749988555908,-0.2774873375892639,0.9997261762619019,0.5142444968223572,0.6836084127426147,-0.39482372999191284,0.9969132542610168,0.5156834721565247,0.7660351395606995,-0.47042912244796753,0.9929233193397522,0.35301175713539124,0.5682775378227234,0.0925488993525505,0.9996716380119324,0.26338687539100647,0.5170729160308838,0.11105110496282578,0.9699702858924866,0.1463925689458847,0.5077894926071167,-0.08540086448192596,0.9700727462768555,0.5999932885169983,0.4694538414478302,-0.16535210609436035,0.9995710253715515,0.5354484915733337,0.3627064526081085,-0.17864751815795898,0.9613474607467651,0.6023795008659363,0.27571460604667664,0.09435630589723587,0.7442869544029236,0.5176687836647034,0.46224185824394226,0.1653984785079956,0.9994001984596252,0.438666969537735,0.37628522515296936,0.31676509976387024,0.720923662185669,0.5223520398139954,0.31368833780288696,0.7296350598335266,0.45282432436943054
bboy1,handhop,37,0.34420856833457947,0.6394284963607788,-0.19867675006389618,0.9999058246612549,0.35209617018699646,0.62965327501297,-0.16547489166259766,0.9996869564056396,0.35721156001091003,0.6328878402709961,-0.21304729580879211,0.999713122844696,0.4653252065181732,0.6312589049339294,-0.26605820655822754,0.999751091003418,0.5119658708572388,0.6844661831855774,-0.3185502886772156,0.9969539642333984,0.5093141198158264,0.7662832140922546,-0.27730968594551086,0.9931076765060425,0.3535027801990509,0.569062352180481,0.10027524083852768,0.999692440032959,0.26401498913764954,0.5170506238937378,0.13853484392166138,0.9665861129760742,0.15001727640628815,0.5107364058494568,-0.0728457123041153,0.9661248326301575,0.597954511642456,0.4674030542373657,-0.1732357144355774,0.9996081590652466,0.5346572995185852,0.3604141175746918,-0.06758521497249603,0.9646077156066895,0.6150548458099365,0.28813067078590393,0.2879359722137451,0.7690200805664062,0.5241770148277283,0.46182313561439514,0.1731225699186325,0.9994423985481262,0.4397237002849579,0.3769439160823822,0.3978508710861206,0.7025898098945618,0.5067828893661499,0.3154102563858032,0.8765597343444824,0.47981488704681396
bboy1,handhop,38,0.3447909951210022,0.6399074792861938,-0.1275019347667694,0.99991375207901,0.35142603516578674,0.6300392150878906,-0.07932978868484497,0.9997106194496155,0.3589595854282379,0.633283793926239,-0.11601585894823074,0.9997355937957764,0.46778595447540283,0.6337775588035583,-0.18660041689872742,0.9997730255126953,0.5130198001861572,0.691241443157196,-0.30957987904548645,0.9970526695251465,0.5033579468727112,0.7669256925582886,-0.27904361486434937,0.9933368563652039,0.3531952202320099,0.5685550570487976,0.18567727506160736,0.9997088313102722,0.26482516527175903,0.5170190930366516,0.24399346113204956,0.9666779637336731,0.15140099823474884,0.5136887431144714,0.05112560838460922,0.966719388961792,0.5982788801193237,0.4687265157699585,-0.16788557171821594,0.9996397495269775,0.5420792102813721,0.36174121499061584,-0.31369131803512573,0.9671137928962708,0.6172567009925842,0.30072829127311707,0.06405399739742279,0.7894253730773926,0.5217432379722595,0.4619543254375458,0.16768710315227509,0.9994754791259766,0.4340890944004059,0.38134849071502686,0.3591171205043793,0.7025327086448669,0.5091109871864319,0.3236851692199707,0.7306098937988281,0.5042022466659546
bboy1,handhop,39,0.3468088209629059,0.6408169865608215,-0.20505744218826294,0.9999099373817444,0.35292935371398926,0.6301995515823364,-0.15340030193328857,0.9997104406356812,0.361056923866272,0.6342495679855347,-0.182048499584198,0.9997250437736511,0.4682371914386749,0.6359320878982544,-0.21068504452705383,0.9997696876525879,0.5118772387504578,0.6936153769493103,-0.3615070581436157,0.9971391558647156,0.5054737329483032,0.7669280767440796,-0.4830490052700043,0.9935243129730225,0.35408735275268555,0.5687543153762817,0.11855549365282059,0.9997085332870483,0.2788022458553314,0.5167964100837708,0.12276557832956314,0.9662243723869324,0.1626448631286621,0.5154953598976135,-0.08425109833478928,0.9674495458602905,0.5983761548995972,0.47095438838005066,-0.1646556854248047,0.9996348023414612,0.5468876361846924,0.36118873953819275,-0.33139288425445557,0.9692580103874207,0.626614511013031,0.31733620166778564,0.24647502601146698,0.8010444641113281,0.5164957046508789,0.4628567397594452,0.16458170115947723,0.9994794726371765,0.4036770462989807,0.38830772042274475,0.11895325034856796,0.7177078127861023,0.5069330334663391,0.33168789744377136,0.6348094940185547,0.5293697118759155
bboy1,handhop,40,0.3478645980358124,0.6410567164421082,-0.1256670504808426,0.9999150037765503,0.35362404584884644,0.630494236946106,-0.0854208692908287,0.9997246861457825,0.3616076707839966,0.6345807909965515,-0.11145738512277603,0.9997367858886719,0.46911558508872986,0.6349280476570129,-0.17101192474365234,0.9997771382331848,0.5102218389511108,0.6940025091171265,-0.18193691968917847,0.9972653985023499,0.5052703022956848,0.7669326663017273,-0.08493287116289139,0.9937083721160889,0.35662880539894104,0.5690594911575317,0.16407915949821472,0.9996970891952515,0.29281851649284363,0.5168350338935852,0.1970418244600296,0.9648311138153076,0.1754819005727768,0.5154559016227722,0.02261081337928772,0.9659611582756042,0.5991612076759338,0.4735947847366333,-0.16458497941493988,0.9996410012245178,0.5436417460441589,0.36908918619155884,-0.3263801336288452,0.9715787172317505,0.6253098249435425,0.3343428671360016,0.18187487125396729,0.8153252005577087,0.518308699131012,0.46751657128334045,0.16448025405406952,0.999488353729248,0.3798374831676483,0.40603840351104736,0.11804467439651489,0.7310081720352173,0.5110456347465515,0.34477317333221436,0.49588045477867126,0.5552825927734375
bboy1,handhop,41,0.34861138463020325,0.6408138871192932,-0.07722669094800949,0.9999068379402161,0.35925349593162537,0.6322777271270752,-0.08990523964166641,0.9997131824493408,0.3619125783443451,0.6331974864006042,-0.11571113020181656,0.9997183680534363,0.37752753496170044,0.5786622762680054,-0.38370102643966675,0.999781608581543,0.3155653476715088,0.5215396881103516,-0.27732053399086,0.9969637393951416,0.19809654355049133,0.5151721239089966,-0.0942712128162384,0.9899003505706787,0.45338085293769836,0.6338183283805847,-0.08181334286928177,0.9996938705444336,0.49746188521385193,0.6951162815093994,0.049637001007795334,0.9649454951286316,0.49134448170661926,0.763457715511322,0.03491371124982834,0.9678096771240234,0.5824176669120789,0.47310760617256165,-0.17617906630039215,0.9996635317802429,0.4877108633518219,0.3968901038169861,0.010855615139007568,0.9728259444236755,0.597321629524231,0.3548317849636078,0.48505812883377075,0.8289980292320251,0.5614422559738159,0.47620564699172974,0.1755460649728775,0.9995276927947998,0.38977617025375366,0.42130663990974426,0.45535537600517273,0.723475992679596,0.5134120583534241,0.3591267764568329,0.753618061542511,0.5776947736740112
bboy1,handhop,42,0.3490772247314453,0.6381838917732239,-0.09164272248744965,0.9998615384101868,0.3635108470916748,0.6322329044342041,-0.10039537400007248,0.9996395111083984,0.3623996675014496,0.6306020617485046,-0.12597480416297913,0.9996403455734253,0.36963415145874023,0.5759713649749756,-0.42228901386260986,0.9997832775115967,0.3102935552597046,0.5111772418022156,-0.3563811779022217,0.9967402815818787,0.190971240401268,0.5038849711418152,-0.18604713678359985,0.9867159128189087,0.4588611125946045,0.6317723989486694,-0.10998120158910751,0.9996503591537476,0.50835120677948,0.6926897764205933,-0.004217835143208504,0.965039849281311,0.508926510810852,0.7676512002944946,-0.003021819284185767,0.9693810343742371,0.5844711065292358,0.47301751375198364,-0.1866532266139984,0.9996800422668457,0.48898208141326904,0.3908248841762543,-0.06597429513931274,0.9742794632911682,0.5844955444335938,0.367790162563324,0.5060532689094543,0.8370258808135986,0.5630939602851868,0.4811161458492279,0.1859072595834732,0.9995558857917786,0.38622039556503296,0.43202704191207886,0.46406450867652893,0.7279631495475769,0.5144444108009338,0.3788052499294281,0.776517927646637,0.600488007068634
bboy1,handhop,43,0.3493715524673462,0.6351974010467529,-0.056745629757642746,0.9998632669448853,0.3651510775089264,0.6311625838279724,-0.08439426124095917,0.9996519088745117,0.36213764548301697,0.627260148525238,-0.10824914276599884,0.9996563196182251,0.367421954870224,0.5721961855888367,-0.39671263098716736,0.9997983574867249,0.31131893396377563,0.5077900290489197,-0.3312798738479614,0.9963818788528442,0.19254142045974731,0.4973282516002655,-0.12665671110153198,0.9832967519760132,0.4594673216342926,0.6414771676063538,-0.1152869388461113,0.9996698498725891,0.5077826380729675,0.7014177441596985,-0.029932742938399315,0.9669638872146606,0.5122289657592773,0.7699391841888428,-0.05269080772995949,0.9716922044754028,0.5745863318443298,0.4710078537464142,-0.18358051776885986,0.9997036457061768,0.3970411717891693,0.41496869921684265,-0.06947727501392365,0.9740633964538574,0.5466545224189758,0.39619579911231995,0.45351389050483704,0.8318025469779968,0.5843433737754822,0.48319441080093384,0.18272052705287933,0.9995912313461304,0.4166754484176636,0.4560660421848297,0.503325343132019,0.7135412693023682,0.523533284664154,0.40552660822868347,0.7928493618965149,0.6072165369987488
bboy1,handhop,44,0.349615216255188,0.6349366903305054,-0.07471754401922226,0.9998663067817688,0.36572280526161194,0.6310024857521057,-0.09113685041666031,0.9996621608734131,0.361964613199234,0.6271697878837585,-0.11674638837575912,0.9996687173843384,0.3679039776325226,0.5725945234298706,-0.3945107161998749,0.999809980392456,0.31424641609191895,0.5076712369918823,-0.365820050239563,0.9962245225906372,0.1953532099723816,0.4914681315422058,-0.13545429706573486,0.9809454679489136,0.4624493718147278,0.63560551404953,-0.09337114542722702,0.9996866583824158,0.5088761448860168,0.6967217326164246,-0.025959437713027,0.9688863158226013,0.5115625262260437,0.7717784643173218,-0.07781921327114105,0.9738635420799255,0.578273355960846,0.47093263268470764,-0.18809042870998383,0.9997196793556213,0.40155404806137085,0.4132305681705475,-0.12054231762886047,0.9746877551078796,0.5556634068489075,0.4002717435359955,0.38221994042396545,0.8313624262809753,0.582953929901123,0.4839792251586914,0.1871759593486786,0.99961918592453,0.4258914887905121,0.45961204171180725,0.4767323136329651,0.7046761512756348,0.5350536704063416,0.413683146238327,0.7416582703590393,0.6156798005104065
bboy1,handhop,45,0.3486882150173187,0.6348334550857544,-0.13338513672351837,0.9998767971992493,0.3619216978549957,0.6303092837333679,-0.12173835188150406,0.9996902346611023,0.36050593852996826,0.6277840733528137,-0.14315180480480194,0.9996960759162903,0.37139734625816345,0.5788881182670593,-0.279374897480011,0.9998214244842529,0.39046135544776917,0.6363644003868103,-0.2763734459877014,0.9956897497177124,0.3451749384403229,0.7063499689102173,-0.18267783522605896,0.981925904750824,0.4390597939491272,0.6117498874664307,-0.03797900304198265,0.9997124671936035,0.4630843698978424,0.6344500780105591,0.030168253928422928,0.9663442373275757,0.3597898781299591,0.6585997939109802,-0.04996638372540474,0.9736276865005493,0.5789811015129089,0.47356465458869934,-0.18604592978954315,0.9997375011444092,0.4121352732181549,0.41639453172683716,-0.1303546130657196,0.9730044603347778,0.554747998714447,0.40110406279563904,0.28457969427108765,0.8308005332946777,0.5755341053009033,0.48262447118759155,0.18523307144641876,0.9996487498283386,0.4246581196784973,0.4462064504623413,0.46385130286216736,0.6966137886047363,0.5450396537780762,0.41465964913368225,0.6333645582199097,0.6215587854385376
bboy1,handhop,46,0.3460460901260376,0.6368592381477356,-0.1643678843975067,0.9998765587806702,0.35454052686691284,0.630570650100708,-0.12114409357309341,0.9996800422668457,0.359875351190567,0.6317987442016602,-0.14625920355319977,0.9996886849403381,0.4393933117389679,0.6344283819198608,-0.17432382702827454,0.9998061656951904,0.49535030126571655,0.6917286515235901,-0.2442139834165573,0.9958924651145935,0.4901147782802582,0.7665584087371826,-0.24275995790958405,0.9832627773284912,0.37193945050239563,0.5779010057449341,0.1304757446050644,0.9997147917747498,0.3323666751384735,0.5132591724395752,0.18890739977359772,0.9660432934761047,0.20991553366184235,0.4905156195163727,0.031204570084810257,0.9738940596580505,0.5871778726577759,0.48174864053726196,-0.16771987080574036,0.9997227191925049,0.4751104712486267,0.41027823090553284,-0.19964517652988434,0.9721768498420715,0.5675628781318665,0.3911746144294739,0.2887416183948517,0.8138679265975952,0.5351294279098511,0.4816356301307678,0.16735608875751495,0.9996461868286133,0.4014568328857422,0.4158473312854767,0.23562610149383545,0.6962034702301025,0.5474258661270142,0.40609467029571533,0.5648155212402344,0.598151683807373
bboy1,handhop,47,0.3408925533294678,0.6426579356193542,-0.10410062968730927,0.9998804330825806,0.34756988286972046,0.6329291462898254,-0.048008594661951065,0.9996799230575562,0.35747432708740234,0.6381571292877197,-0.05737714469432831,0.9996904730796814,0.4499363303184509,0.6445138454437256,0.01280338503420353,0.9997876286506653,0.5062659382820129,0.6982152462005615,-0.13636256754398346,0.995998740196228,0.5040083527565002,0.7689946889877319,-0.2784612774848938,0.9842002391815186,0.3498382270336151,0.5704280734062195,0.17384937405586243,0.9997001886367798,0.2995664179325104,0.5009691119194031,0.160361185669899,0.9679921269416809,0.18811404705047607,0.4752989709377289,-0.025555413216352463,0.9752664566040039,0.5873674154281616,0.4869231581687927,-0.11227861791849136,0.9997026324272156,0.5440635681152344,0.40014907717704773,-0.554311990737915,0.9724878668785095,0.5640695095062256,0.35737308859825134,-0.06375984847545624,0.8049247860908508,0.5047348737716675,0.4795903265476227,0.11215696483850479,0.9995945692062378,0.40085265040397644,0.3890385329723358,-0.13213062286376953,0.7121694684028625,0.5627691149711609,0.37889808416366577,0.19634100794792175,0.5920478701591492
bboy1,handhop,48,0.33622071146965027,0.6479112505912781,-0.03838924318552017,0.9998903870582581,0.3416271209716797,0.6353052258491516,0.01712202839553356,0.999704897403717,0.3540385663509369,0.6427086591720581,0.015006010420620441,0.9997126460075378,0.4521419405937195,0.644153356552124,0.11895377188920975,0.999779224395752,0.5052118301391602,0.6966938376426697,0.013030868954956532,0.9960381388664246,0.5083031058311462,0.768068253993988,-0.08713077008724213,0.98478764295578,0.33851999044418335,0.5672890543937683,0.22535613179206848,0.9997172951698303,0.2759058475494385,0.5038883686065674,0.17426925897598267,0.9700497388839722,0.1683085858821869,0.47730550169944763,-0.05072072520852089,0.97669917345047,0.5877062678337097,0.4859866201877594,-0.07715775817632675,0.9997186064720154,0.5634618401527405,0.38100022077560425,-0.41213878989219666,0.9718910455703735,0.5550695061683655,0.34215423464775085,0.1406935155391693,0.797099232673645,0.4956779181957245,0.4759645462036133,0.07685913890600204,0.9996168613433838,0.40526098012924194,0.3789369761943817,-0.17789162695407867,0.7363150715827942,0.5742827653884888,0.362055242061615,0.2380477339029312,0.607561469078064
bboy1,handhop,49,0.3296792805194855,0.6503366231918335,-0.05890727415680885,0.9999004602432251,0.334537148475647,0.6369360685348511,-0.007531811483204365,0.9997299909591675,0.3497438132762909,0.6452838182449341,-0.011448772624135017,0.9997367858886719,0.4540413022041321,0.6427417397499084,0.06609419733285904,0.9997900724411011,0.5030021667480469,0.698715090751648,-0.013780556619167328,0.9962337017059326,0.5046438574790955,0.7702912092208862,-0.07523679733276367,0.985777735710144,0.3314402103424072,0.5678936243057251,0.21266822516918182,0.9997295141220093,0.25320592522621155,0.5059044361114502,0.2062673717737198,0.9719793796539307,0.1391998827457428,0.4836665689945221,0.011563371866941452,0.9779282808303833,0.585920512676239,0.4844557046890259,-0.08471357822418213,0.9997305274009705,0.5757876634597778,0.3690624237060547,-0.33162549138069153,0.9722134470939636,0.6316695213317871,0.31214919686317444,0.15686818957328796,0.8105512261390686,0.48988914489746094,0.46773841977119446,0.08439164608716965,0.999623715877533,0.4242751896381378,0.3730502724647522,-0.11573947966098785,0.7574830055236816,0.5692355632781982,0.35138654708862305,0.34552183747291565,0.6189284324645996
bboy1,handhop,50,0.3276650905609131,0.6493092775344849,-0.28107014298439026,0.9999082684516907,0.3303896486759186,0.6368377804756165,-0.22509711980819702,0.9997515678405762,0.3464973568916321,0.6440942287445068,-0.23849332332611084,0.9997583031654358,0.4560120701789856,0.6386885046958923,-0.20113837718963623,0.9998031854629517,0.496116578578949,0.6980209946632385,-0.3379268944263458,0.9963626861572266,0.4999080002307892,0.7728455066680908,-0.4862858057022095,0.9867550134658813,0.32731425762176514,0.5660682916641235,0.05767655000090599,0.9997376799583435,0.23553098738193512,0.5083107352256775,0.08509326726198196,0.9734288454055786,0.1212489977478981,0.4876851439476013,-0.12879319489002228,0.9784330129623413,0.583933413028717,0.47722235321998596,-0.10084136575460434,0.999730110168457,0.5815299153327942,0.3558184504508972,-0.30378150939941406,0.9731203317642212,0.6868112683296204,0.2974492013454437,0.1139172837138176,0.826623260974884,0.4883536398410797,0.46101823449134827,0.10019868612289429,0.9995964169502258,0.42716628313064575,0.3710351288318634,0.03843310475349426,0.7647980451583862,0.5670565962791443,0.35076114535331726,0.5745277404785156,0.6184325218200684
bboy1,handhop,51,0.3217880427837372,0.6485599875450134,-0.32895106077194214,0.999916136264801,0.32493892312049866,0.6366693377494812,-0.25819677114486694,0.9997731447219849,0.34127822518348694,0.6433504819869995,-0.2838795781135559,0.9997804164886475,0.45460963249206543,0.6380922794342041,-0.2544454038143158,0.9998198747634888,0.4944726526737213,0.6948424577713013,-0.43643707036972046,0.9966414570808411,0.4900073707103729,0.7713670134544373,-0.5779526233673096,0.9878875017166138,0.32132571935653687,0.5662291049957275,0.06900160759687424,0.9997532367706299,0.23108601570129395,0.5113496780395508,0.11538442224264145,0.9751350283622742,0.12166266143321991,0.4899916350841522,-0.10374544560909271,0.9797763824462891,0.5806563496589661,0.47059255838394165,-0.13024352490901947,0.9997332692146301,0.5885535478591919,0.346188485622406,-0.29244640469551086,0.9743610620498657,0.7145987153053284,0.29636117815971375,0.03916691616177559,0.841508686542511,0.48620718717575073,0.4562126398086548,0.13006769120693207,0.9995770454406738,0.4300120174884796,0.3623519539833069,0.08200430870056152,0.7705619931221008,0.5638901591300964,0.3525356650352478,0.6278557181358337,0.6090407371520996
bboy1,handhop,52,0.3196251094341278,0.6482754349708557,-0.2942616641521454,0.9999229311943054,0.3236120045185089,0.635489284992218,-0.22568991780281067,0.9997919201850891,0.33904725313186646,0.6430989503860474,-0.2574845552444458,0.9997994899749756,0.45541656017303467,0.6367494463920593,-0.2537722587585449,0.9998329877853394,0.4935437738895416,0.6934047937393188,-0.40709030628204346,0.9968743920326233,0.48844215273857117,0.774297833442688,-0.5201337933540344,0.9888734817504883,0.32169854640960693,0.5653014779090881,0.09380393475294113,0.9997664093971252,0.2377019226551056,0.5087984204292297,0.17035643756389618,0.9762086868286133,0.12323595583438873,0.49040964245796204,-0.019136695191264153,0.9807273745536804,0.5806781649589539,0.4663761258125305,-0.1490764319896698,0.9997369050979614,0.587626576423645,0.33907201886177063,-0.26277056336402893,0.9756990075111389,0.728365421295166,0.31049197912216187,0.08867934346199036,0.854871928691864,0.4900331199169159,0.45277470350265503,0.14891324937343597,0.9995699524879456,0.4293282926082611,0.3598423898220062,0.12151694297790527,0.7740328907966614,0.5646410584449768,0.3567195534706116,0.6888712644577026,0.5954311490058899
bboy1,handhop,53,0.3215053677558899,0.6496489644050598,-0.24453438818454742,0.9999297857284546,0.3255508542060852,0.6364814639091492,-0.1860712170600891,0.9998095035552979,0.3401508629322052,0.6438794732093811,-0.20966331660747528,0.9998167753219604,0.4538096785545349,0.6373053789138794,-0.15680138766765594,0.9998443126678467,0.4908832609653473,0.6971971392631531,-0.25767743587493896,0.997044563293457,0.4867261052131653,0.7738295793533325,-0.3483034670352936,0.9896367192268372,0.32036176323890686,0.5681436657905579,0.1050158441066742,0.9997797608375549,0.2520081400871277,0.5084747076034546,0.17572441697120667,0.9765234589576721,0.13368675112724304,0.4872981011867523,0.01577836275100708,0.9814194440841675,0.5796838998794556,0.4670202434062958,-0.1371530443429947,0.9997509121894836,0.5946976542472839,0.34170737862586975,-0.2316531538963318,0.9775007367134094,0.7420890927314758,0.31221917271614075,0.14942775666713715,0.864847719669342,0.48601430654525757,0.45450839400291443,0.1370418518781662,0.9995861649513245,0.4231683611869812,0.3618791401386261,0.1215919628739357,0.7863357067108154,0.5545308589935303,0.3588743805885315,0.6785176992416382,0.5832786560058594
bboy1,handhop,54,0.3228527903556824,0.6512925624847412,-0.24821794033050537,0.9999351501464844,0.32648876309394836,0.638076663017273,-0.18837963044643402,0.9998229146003723,0.3408019542694092,0.6456922292709351,-0.20980362594127655,0.9998303055763245,0.4527710974216461,0.6395053863525391,-0.16072311997413635,0.999853253364563,0.49008285999298096,0.6995324492454529,-0.2837832272052765,0.9972766041755676,0.48420625925064087,0.774865984916687,-0.3655596375465393,0.9904730916023254,0.31891581416130066,0.569750189781189,0.1027565523982048,0.9997926950454712,0.2576330304145813,0.5106655955314636,0.16850225627422333,0.9775483012199402,0.14484138786792755,0.4850813150405884,0.030418848618865013,0.9825424551963806,0.5761827826499939,0.46746549010276794,-0.13217678666114807,0.9997653961181641,0.5944535136222839,0.347594678401947,-0.23515629768371582,0.9794327616691589,0.7305110096931458,0.3462199568748474,0.23321214318275452,0.875485360622406,0.4814111888408661,0.45638126134872437,0.13215115666389465,0.9996063709259033,0.4066618084907532,0.3650425970554352,0.12145663797855377,0.8038795590400696,0.5464893579483032,0.3739224672317505,0.6809597015380859,0.5943695902824402
bboy1,handhop,55,0.32384034991264343,0.6566240191459656,-0.28755080699920654,0.9999390244483948,0.32769083976745605,0.6431980729103088,-0.23088601231575012,0.999832808971405,0.34153714776039124,0.6505491733551025,-0.24105173349380493,0.9998401999473572,0.4525201618671417,0.6419843435287476,-0.1673612743616104,0.9998560547828674,0.49218592047691345,0.6998972296714783,-0.29825559258461,0.9974706172943115,0.48727115988731384,0.7766823172569275,-0.3998973071575165,0.991187334060669,0.3162432312965393,0.5706908106803894,0.03376784548163414,0.9997971057891846,0.26047220826148987,0.5085297226905823,0.06475386023521423,0.9786434769630432,0.15227597951889038,0.48393678665161133,-0.09692588448524475,0.9834654927253723,0.5732356309890747,0.47316521406173706,-0.11062910407781601,0.9997791647911072,0.599554181098938,0.3557000756263733,-0.17206883430480957,0.981235146522522,0.7287572622299194,0.36679017543792725,0.37863755226135254,0.8860504031181335,0.48089995980262756,0.45793357491493225,0.11067156493663788,0.9996266961097717,0.3950241506099701,0.36844006180763245,0.06378615647554398,0.8214887380599976,0.5368050336837769,0.3942548632621765,0.6529197692871094,0.6101943254470825
bboy1,handhop,56,0.3239268958568573,0.6573337912559509,-0.33626046776771545,0.9999423623085022,0.3284400701522827,0.6439672708511353,-0.2755282521247864,0.9998420476913452,0.34168869256973267,0.6513893008232117,-0.2869085371494293,0.9998489022254944,0.45267927646636963,0.6433210968971252,-0.1851211041212082,0.9998579025268555,0.4956243932247162,0.7041633129119873,-0.30938199162483215,0.997616708278656,0.4876994490623474,0.7796576023101807,-0.4257199764251709,0.991757333278656,0.3177124857902527,0.5712872743606567,-0.005458812694996595,0.9998088479042053,0.26255229115486145,0.5079702138900757,0.031812481582164764,0.9801187515258789,0.151558056473732,0.48395153880119324,-0.14452826976776123,0.9846267104148865,0.5730771422386169,0.47931018471717834,-0.09834195673465729,0.9997931718826294,0.5959146022796631,0.3736991882324219,-0.14002861082553864,0.9829089045524597,0.7189396023750305,0.38422805070877075,0.38050198554992676,0.8960040807723999,0.4811677038669586,0.4621645212173462,0.09838263690471649,0.9996481537818909,0.39064982533454895,0.37354469299316406,0.08286191523075104,0.8376255631446838,0.5304406881332397,0.4035850465297699,0.7227510809898376,0.6229336261749268
bboy1,handhop,57,0.32726967334747314,0.6600027680397034,-0.3129109740257263,0.9999415874481201,0.3308771252632141,0.6466548442840576,-0.25842610001564026,0.9998398423194885,0.3438775837421417,0.653365433216095,-0.2683592736721039,0.9998475313186646,0.4535277783870697,0.642752468585968,-0.19386540353298187,0.9998552799224854,0.5018877387046814,0.7062729001045227,-0.3277372419834137,0.9976094961166382,0.4906999468803406,0.7815819978713989,-0.47183161973953247,0.992053747177124,0.3205852210521698,0.5716027617454529,-0.0038207147736102343,0.9998120665550232,0.26077738404273987,0.5096200704574585,0.03297064080834389,0.9811907410621643,0.1452418863773346,0.4824758470058441,-0.13856855034828186,0.9853549003601074,0.5734516978263855,0.48466888070106506,-0.09888436645269394,0.9998036623001099,0.5916538834571838,0.38466015458106995,-0.17081736028194427,0.9841067790985107,0.7106531858444214,0.39318692684173584,0.333327978849411,0.9030520915985107,0.48234596848487854,0.4682904779911041,0.09885763376951218,0.999659538269043,0.3886025547981262,0.379591166973114,0.08664573729038239,0.8488866090774536,0.5290470719337463,0.4209003448486328,0.6933320760726929,0.6090102195739746
bboy1,handhop,58,0.32944297790527344,0.6592928171157837,-0.304259330034256,0.9999427199363708,0.33247309923171997,0.6460912227630615,-0.24306827783584595,0.9998389482498169,0.34542012214660645,0.6528238654136658,-0.2662101984024048,0.9998490810394287,0.45334216952323914,0.6440146565437317,-0.17047572135925293,0.9998569488525391,0.5013807415962219,0.7067042589187622,-0.31601467728614807,0.9975000023841858,0.4892209768295288,0.7805706858634949,-0.4591250419616699,0.9920974969863892,0.32213446497917175,0.5714834928512573,0.016570579260587692,0.9998178482055664,0.2592306435108185,0.5094135999679565,0.032401468604803085,0.9821971654891968,0.141885444521904,0.4787624180316925,-0.14591629803180695,0.9858958125114441,0.5739371180534363,0.4894334077835083,-0.10146334767341614,0.9998069405555725,0.5712544322013855,0.4005509912967682,-0.23627719283103943,0.984887957572937,0.7063932418823242,0.40306881070137024,0.06816722452640533,0.9100819826126099,0.48337164521217346,0.4731496274471283,0.10141265392303467,0.9996514320373535,0.3855949938297272,0.3832632899284363,0.0828024297952652,0.8557683229446411,0.5253446102142334,0.4306381940841675,0.5695419907569885,0.6005883812904358
bboy1,handhop,59,0.33010339736938477,0.6584688425064087,-0.2069592922925949,0.9999447464942932,0.3334033191204071,0.6456239819526672,-0.1548413336277008,0.9998337626457214,0.34596318006515503,0.6521562337875366,-0.16188403964042664,0.9998506903648376,0.45440858602523804,0.6457701325416565,-0.08238090574741364,0.999860405921936,0.5030140280723572,0.7099336981773376,-0.24535000324249268,0.9970051646232605,0.48864614963531494,0.7818241119384766,-0.44840362668037415,0.9916744828224182,0.3233334720134735,0.5713881850242615,0.06052173301577568,0.9998219609260559,0.25997674465179443,0.5062744617462158,0.052964821457862854,0.9829320907592773,0.14128965139389038,0.47370174527168274,-0.11988655477762222,0.9862385988235474,0.5758630633354187,0.4927821159362793,-0.1017664223909378,0.9998155236244202,0.5608208179473877,0.4251549541950226,-0.3508538603782654,0.9853476881980896,0.6757049560546875,0.4093610644340515,-0.06601695716381073,0.9153742790222168,0.4842149019241333,0.47372591495513916,0.10161705315113068,0.9996504783630371,0.384229838848114,0.383161336183548,0.07443546503782272,0.8611019849777222,0.5214505791664124,0.43523427844047546,0.5195362567901611,0.5915263891220093
